{
  "dataset": "eval/datasets/retrieval_v1.yaml",
  "n_queries": 55,
  "n_labeled_pairs": 372,
  "arms": {
    "hybrid": {
      "n_queries": 55,
      "n_freeform": 43,
      "n_planner": 12,
      "freeform": {
        "success_at": {
          "1": 0.813953488372093,
          "3": 0.9767441860465116,
          "5": 0.9767441860465116,
          "10": 1.0
        },
        "recall_at": {
          "1": 0.3380762002855026,
          "3": 0.5764306752678845,
          "5": 0.6716774181890461,
          "10": 0.8134055221264522
        },
        "mrr": 0.889922480620155
      },
      "planner": {
        "judged_precision_at_k": 1.0,
        "planner_k": 5,
        "unjudged_total": 0
      }
    },
    "dense": {
      "n_queries": 55,
      "n_freeform": 43,
      "n_planner": 12,
      "freeform": {
        "success_at": {
          "1": 0.9069767441860465,
          "3": 0.9767441860465116,
          "5": 0.9767441860465116,
          "10": 1.0
        },
        "recall_at": {
          "1": 0.36036302199092896,
          "3": 0.5773328093095534,
          "5": 0.6554430711407456,
          "10": 0.8151790715744205
        },
        "mrr": 0.9447674418604651
      },
      "planner": {
        "judged_precision_at_k": 1.0,
        "planner_k": 5,
        "unjudged_total": 0
      }
    },
    "sparse": {
      "n_queries": 55,
      "n_freeform": 43,
      "n_planner": 12,
      "freeform": {
        "success_at": {
          "1": 0.7906976744186046,
          "3": 0.8837209302325582,
          "5": 0.9069767441860465,
          "10": 1.0
        },
        "recall_at": {
          "1": 0.3262097721400047,
          "3": 0.5649342259807376,
          "5": 0.6489406588243797,
          "10": 0.7725316672991093
        },
        "mrr": 0.8515503875968993
      },
      "planner": {
        "judged_precision_at_k": 1.0,
        "planner_k": 5,
        "unjudged_total": 0
      }
    }
  },
  "run_config": {
    "embed_model": "BAAI/bge-m3",
    "top_k": 10,
    "arms": [
      "hybrid",
      "dense",
      "sparse"
    ]
  },
  "provenance": {
    "git_sha": "f5cf9905f8c9b4bde7ca0a271d5c6e600219e6de",
    "git_dirty": false,
    "started_at": "2026-07-06T21:23:35.377888+00:00"
  }
}
