{
  "kfold": 5,
  "note": "cross-validated: every case scored by an adapter that never trained on it",
  "quality": {
    "n": 32,
    "n_clusters": 32,
    "pearson": 0.5127115246856889,
    "spearman": 0.5025628836563822,
    "spearman_lower_95": 0.16637771438573942,
    "spearman_upper_95": 0.7545656154586341
  },
  "faithfulness_qual_only": {
    "n": 9,
    "n_clusters": 9,
    "pearson": 0.6968318729909811,
    "spearman": 0.8101337938845246,
    "spearman_lower_95": 0.22905863581970484,
    "spearman_upper_95": 1.0
  }
}